dataset,transform,model,split_id,Accuracy,CV absolute,TNR,TNR_race_White_0,TNR_race_White_0-race_White_1,TNR_race_White_0/race_White_1,TNR_race_White_1,TPR,TPR_race_White_0,TPR_race_White_0-race_White_1,TPR_race_White_0/race_White_1,TPR_race_White_1,prob_pos,prob_pos_race_White_0,prob_pos_race_White_0-race_White_1,prob_pos_race_White_0/race_White_1,prob_pos_race_White_1,seed
Adult Race,no_transform,GPyT_dem_par_in_False_tar_0.3,0,0.849130663128507,0.8894130161048426,0.889566271254912,0.9295576878071612,0.047435366845321125,0.9489699590810531,0.8821223209618401,0.7260840411265087,0.6950444726810674,0.03403284627494285,0.9533206624454104,0.7290773189560102,0.26270835060950326,0.16758893280632411,0.11058698389515739,0.6024566569009228,0.2781759167014815,0.0
