dataset,transform,model,split_id,Accuracy,CV absolute,TNR,TNR_sex_Male_0,TNR_sex_Male_0-sex_Male_1,TNR_sex_Male_0/sex_Male_1,TNR_sex_Male_1,TPR,TPR_sex_Male_0,TPR_sex_Male_0-sex_Male_1,TPR_sex_Male_0/sex_Male_1,TPR_sex_Male_1,prob_pos,prob_pos_sex_Male_0,prob_pos_sex_Male_0-sex_Male_1,prob_pos_sex_Male_0/sex_Male_1,prob_pos_sex_Male_1,seed
Adult Sex,no_transform,GPyT_dem_par_in_False_tar_0.3,0,0.8456477872681538,0.8955205864374869,0.906460024238863,0.9140483239423168,0.012329741772606817,0.9865108425346394,0.90171858216971,0.6605945462673223,0.765011119347665,0.1229529537995665,0.8392795206631636,0.6420581655480985,0.23379495259418967,0.1634517766497462,0.10447941356251311,0.6100513214615183,0.2679311902122593,0.0
