dataset,transform,model,split_id,Accuracy,CV absolute,prob_pos,prob_pos_sex_Male_0,prob_pos_sex_Male_0-sex_Male_1,prob_pos_sex_Male_0/sex_Male_1,prob_pos_sex_Male_1,seed
Adult Sex,no_transform,"LR (torch), wd: 0.1, RAdam, PR_t: 0.21581616218",0,0.8400917710147331,0.8968909280710013,0.2068994112281284,0.1374788494077834,0.10310907192899862,0.5714287261135461,0.24058792133678206,0.0
Adult Sex,no_transform,"LR (torch), wd: 0.1, RAdam, PR_t: 0.21581616218",1,0.8372723000801614,0.8874592225389972,0.21541310777565856,0.13945578231292516,0.11254077746100283,0.5534035164529,0.251996559773928,2410.0
